date,open,high,low,close,volume
2021-04-07,56.7,57.15,55.2,55.86,151500
2021-04-08,56.4,56.4,55.17,55.5,75933
2021-04-09,55.98,55.98,54.99,55.29,90267
2021-04-12,54.75,55.38,52.59,54.03,155200
2021-04-13,53.4,55.38,53.205,55.35,90733
2021-04-14,55.05,55.35,53.49,54,69867
2021-04-15,54,54.09,52.35,52.59,77900
2021-04-16,52.5,52.59,50.49,52.2,185500
2021-04-19,51.03,52.56,48.84,49.05,239167
2021-04-20,50.07,50.67,45.96,48.3,292300
2021-04-21,47.94,50.25,47.34,49.71,203533
2021-04-22,49.8,51.3,47.85,49.35,166100
2021-04-23,50.1,50.1,48.36,49.32,139100
2021-04-26,50.25,50.25,48.27,48.84,94500
2021-04-27,48.6,49.44,48.45,48.45,94367
2021-04-28,48.48,50.1,48.3,49.2,155967
2021-04-29,50.16,50.16,48.6,48.6,80933
2021-04-30,48.45,52.92,48.45,52.05,279133
2021-05-03,54.51,56.52,54.12,55.5,434667
2021-05-04,55.2,56.07,53.7,54.72,193467
2021-05-05,55.5,56.28,55.02,55.41,203400
2021-05-06,55.5,56.04,52.83,54.18,126133
2021-05-07,54.12,55.05,54.03,54.6,121100
2021-05-10,55.02,55.05,51,52.05,202700
2021-05-11,50.58,54.3,49.65,53.7,182000
2021-05-12,54,54.3,51.93,52.35,128767
2021-05-13,52.92,53.37,49.47,50.13,163400
2021-05-14,50.4,52.5,50.25,52.29,100133
2021-05-17,52.5,54.03,52.32,53.4,79067
2021-05-18,53.4,54,52.5,52.53,63667
2021-05-19,52.26,52.5,50.31,51.27,72867
2021-05-20,51,52.35,50.79,52.17,51967
2021-05-21,52.2,53.07,51.57,52.41,55500
2021-05-25,51.6,53.76,51.6,52.86,113700
2021-05-26,52.8,53.82,52.68,53.4,129333
2021-05-27,53.7,54,52.95,53.76,80933
2021-05-28,53.4,54.42,53.25,53.25,140500
2021-05-31,53.49,53.49,52.5,52.56,12433
2021-06-01,53.1,54.36,53.1,54,58300
2021-06-02,54,54.66,53.94,54.57,85500
2021-06-03,54.3,54.87,53.64,53.82,96700
2021-06-04,54.03,54.45,53.13,54,63867
2021-06-07,54.06,54.36,53.1,54,85833
2021-06-08,54.42,54.42,53.37,53.94,62100
2021-06-09,53.7,54.3,53.49,53.73,66400
2021-06-10,53.7,54.15,52.71,53.34,67067
2021-06-11,54.03,54.03,52.47,53.04,97900
2021-06-14,53.25,53.4,51.57,52.92,66467
2021-06-15,52.8,53.1,50.4,51,107300
2021-06-16,52.14,52.14,49.59,50.31,96567
2021-06-17,50.61,51,49.65,50.4,92267
2021-06-18,50.4,50.7,48.81,49.5,100700
2021-06-21,48.99,50.58,48.96,50.07,83733
2021-06-22,50.7,50.85,49.65,49.65,69100
2021-06-23,50.55,52.35,49.71,51.39,83633
2021-06-24,51.6,53.55,51.6,53.52,75900
2021-06-25,53.25,54.24,53.1,53.7,43367
2021-06-28,53.73,54.06,52.74,54.06,90333
2021-06-29,53.46,54,52.17,53.97,48067
2021-06-30,53.28,53.46,52.05,52.41,70000
2021-07-02,52.5,53.19,51.54,51.81,68567
2021-07-05,51.78,52.14,51.45,51.54,3700
2021-07-06,51.45,52.17,51.27,51.6,79500
2021-07-07,52.47,52.5,51.63,51.75,119300
2021-07-08,50.94,52.62,50.25,52.2,101267
2021-07-09,52.2,52.8,51.75,52.68,66600
2021-07-12,52.95,52.98,51.6,51.9,38200
2021-07-13,52.5,54.48,52.2,53.7,125867
2021-07-14,53.64,54.57,51.3,52.68,155400
2021-07-15,52.95,53.1,50.34,51.75,136833
2021-07-16,51.93,51.93,49.92,50.4,91267
2021-07-19,49.5,50.34,47.1,48.33,222200
2021-07-20,48.3,49.41,47.91,49.29,98233
2021-07-21,49.47,50.1,49.23,49.35,53233
2021-07-22,49.35,50.1,48.45,49.53,77833
2021-07-23,49.29,50.22,48.03,48.06,82900
2021-07-26,48,48.06,46.29,46.59,120600
2021-07-27,46.8,46.8,44.34,45,143500
2021-07-28,46.65,46.65,45.24,45.75,109000
2021-07-29,45.09,46.65,45,45.6,73867
2021-07-30,45.75,45.99,44.16,44.91,137633
2021-08-03,45.27,46.35,44.76,44.76,98867
2021-08-04,44.58,45,42.96,42.96,86000
2021-08-05,44.07,45.18,43.5,45.15,123333
2021-08-06,45.15,45.66,44.4,45.09,79633
2021-08-09,45,45.3,44.46,44.91,67833
2021-08-10,45.42,46.2,44.43,46.2,228967
2021-08-11,46.05,46.14,45,45.9,110200
2021-08-12,45.9,45.9,44.88,45.45,91567
2021-08-13,45.12,45.57,44.73,45.3,87600
2021-08-16,44.85,45.3,43.5,43.8,71133
2021-08-17,43.5,44.01,42.06,42.9,145433
2021-08-18,42.84,43.56,42.45,43.2,60800
2021-08-19,42.63,43.32,42.42,43.05,93767
2021-08-20,43.05,43.32,42.27,42.9,86567
2021-08-23,43.05,43.5,42.57,43.35,41167
2021-08-24,42.75,44.85,42.75,44.58,80100
2021-08-25,44.7,45.57,44.01,45,77700
2021-08-26,45,45.45,44.55,44.94,96233
2021-08-27,44.58,46.11,44.34,45.75,104800
2021-08-30,45.63,45.78,44.67,45.03,29233
2021-08-31,45,45.3,44.28,45.3,52033
2021-09-01,45,45,43.77,44.76,33267
2021-09-02,44.7,45.3,43.89,44.55,51800
2021-09-03,44.31,45.51,44.31,45.3,67067
2021-09-07,45,45.42,44.55,45.18,42933
2021-09-08,44.28,44.82,44.19,44.43,35233
2021-09-09,44.25,44.4,42.15,42.9,95567
2021-09-10,42.9,42.9,41.64,42,99567
2021-09-13,42.09,42.36,40.56,42.24,122400
2021-09-14,42.3,42.3,41.07,41.07,77733
2021-09-15,41.46,43.35,40.44,43.32,88100
2021-09-16,43.35,43.98,42.48,43.8,61767
2021-09-17,43.5,43.95,42.75,43.8,46567
2021-09-20,43.02,43.47,42.09,43.08,95100
2021-09-21,43.35,44.49,42,44.4,96067
2021-09-22,45.3,46.62,44.52,46.44,114567
2021-09-23,46.5,47.73,45.69,46.2,109267
2021-09-24,45.69,47.13,44.34,46.8,66100
2021-09-27,46.77,46.8,45.33,46.8,89033
2021-09-28,46.17,47.52,45.51,45.78,72100
2021-09-29,46.2,46.35,44.67,45.15,77267
2021-09-30,44.25,46.41,43.35,46.23,86700
2021-10-01,45.75,46.05,44.58,45.6,54467
2021-10-04,45.42,45.42,43.35,43.35,88100
2021-10-05,43.35,43.62,42.3,42.72,90300
2021-10-06,42.6,43.8,42.57,43.2,40700
2021-10-07,43.35,43.68,42.99,43.35,68567
2021-10-08,43.47,43.47,42.15,42.39,43900
2021-10-12,42.3,42.48,41.58,42.36,84300
2021-10-13,42.33,42.33,40.8,40.92,103400
2021-10-14,41.25,41.46,40.05,40.08,116667
2021-10-15,40.35,40.35,38.85,39.3,132667
2021-10-18,39.66,39.66,37.35,37.56,147733
2021-10-19,37.62,40.17,37.05,40.08,237467
2021-10-20,39.75,41.13,38.82,40.56,132833
2021-10-21,40.47,40.95,39.03,39.3,80167
2021-10-22,39.09,39.21,37.68,37.8,84267
2021-10-25,38.13,38.25,37.44,38.13,88867
2021-10-26,38.55,38.55,37.26,37.26,86233
2021-10-27,37.53,38.16,36.54,37.02,110967
2021-10-28,37.2,37.5,35.58,35.94,205867
2021-10-29,35.7,36.24,35.07,36.24,148733
2021-11-01,36.54,37.14,34.8,36.33,129333
2021-11-02,36.6,36.78,34.83,34.95,99900
2021-11-03,34.32,35.13,34.14,34.98,127267
2021-11-04,34.8,35.1,33.6,33.6,136567
2021-11-05,33.48,38.13,33.48,37.5,199767
2021-11-08,40.17,41.52,38.04,38.4,552900
2021-11-09,37.35,37.35,35.7,36.9,433800
2021-11-10,36.9,36.9,34.35,34.8,173400
2021-11-11,35.04,37.77,34.35,35.685,264100
2021-11-12,36.33,40.65,36.33,39.72,356867
2021-11-15,41.7,42.66,37.65,37.95,348367
2021-11-16,38.25,39.48,37.08,37.44,134200
2021-11-17,37.65,38.73,37.38,37.65,128733
2021-11-18,37.35,38.25,35.52,37.8,156767
2021-11-19,37.8,38.22,36.54,37.35,73500
2021-11-22,37.47,37.59,35.73,36.75,130000
2021-11-23,36.75,37.8,35.7,37.74,115367
2021-11-24,36.99,39.45,36.99,38.07,124533
2021-11-25,37.8,38.64,37.5,37.86,13533
2021-11-26,36.75,38.82,36.45,37.83,81500
2021-11-29,38.58,38.91,36.48,37.32,87233
2021-11-30,37.08,38.04,34.86,36.6,151300
2021-12-01,36.27,36.45,33.42,34.38,201067
2021-12-02,33.81,36.15,33.18,36,208867
2021-12-03,35.13,37.2,34.65,35.7,176567
2021-12-06,36.45,37.41,32.64,33.12,313867
2021-12-07,33.72,34.5,32.91,33.93,167733
2021-12-08,33.81,36.09,32.7,35.88,246800
2021-12-09,35.25,36.9,34.41,35.28,139600
2021-12-10,35.64,36.3,34.68,36.27,89700
2021-12-13,36.27,36.54,33.72,35.13,120967
2021-12-14,34.5,36,33.57,35.85,157100
2021-12-15,35.67,35.67,33.87,35.01,144533
2021-12-16,34.95,35.04,33.54,34.08,135833
2021-12-17,33.99,33.99,33.12,33.24,181900
2021-12-20,32.73,33.15,31.59,31.71,143633
2021-12-21,31.74,32.31,31.11,32.16,172900
2021-12-22,31.35,33.15,31.2,33.15,132100
2021-12-23,33.3,34.56,32.46,34.02,111533
2021-12-24,33.63,34.65,33.63,34.35,21300
2021-12-29,33.3,33.42,31.2,31.56,382967
2021-12-30,31.56,33.57,31.29,33.21,267300
2021-12-31,32.4,34.35,31.92,33.9,280700
2022-01-04,33.9,33.99,32.7,32.7,98933
2022-01-05,33.33,33.33,29.88,29.94,351533
2022-01-06,29.73,31.05,29.4,31.05,120367
2022-01-07,31.05,31.95,30.42,31.56,118333
2022-01-10,31.5,31.98,30.48,31.5,151833
2022-01-11,31.2,31.92,30.75,31.74,127100
2022-01-12,31.65,33.75,31.02,31.2,172600
2022-01-13,31.2,31.47,30.33,30.78,155600
2022-01-14,30.69,31.23,30.48,31.005,76233
2022-01-17,31.05,31.11,30.48,30.75,7700
2022-01-18,30.3,31.11,30.21,30.99,114033
2022-01-19,30.72,30.96,29.85,30.72,149767
2022-01-20,30.18,30.51,28.95,28.98,170367
2022-01-21,28.35,29.1,27.36,28.77,391800
2022-01-24,27.72,28.32,26.22,28.32,466067
2022-01-25,27.15,28.89,26.79,28.8,235833
2022-01-26,29.4,29.79,27.36,29.13,192900
2022-01-27,28.8,29.31,27.66,28.74,116833
2022-01-28,27.75,28.53,26.52,26.85,200233
2022-01-31,27.12,28.2,26.73,27.63,204967
2022-02-01,27.78,28.95,27.06,28.8,291633
2022-02-02,28.8,28.95,27.99,28.44,206100
2022-02-03,27.93,28.2,27.36,27.9,80233
2022-02-04,27.75,29.94,27.51,29.4,379433
2022-02-07,29.49,30.12,28.83,30,142933
2022-02-08,30,30.3,29.13,30.3,177933
2022-02-09,30.03,31.92,29.67,31.92,212033
2022-02-10,30.9,33.39,30.9,32.1,284467
2022-02-11,31.77,33.54,31.65,32.43,163833
2022-02-14,32.67,33.3,31.71,32.7,62433
2022-02-15,33.15,33.72,33,33.63,80233
2022-02-16,33.57,34.59,33.03,33.75,96400
2022-02-17,33.27,34.11,32.46,33.3,128767
2022-02-18,32.43,33.36,31.62,32.85,118433
2022-02-22,31.53,31.62,29.79,30.45,165500
2022-02-23,30.3,30.9,28.02,28.8,160333
2022-02-24,26.58,28.89,26.55,28.68,176933
2022-02-25,28.92,28.92,26.46,27.45,301267
2022-02-28,27,27.06,26.28,26.64,149333
2022-03-01,26.55,26.58,23.58,24,453833
2022-03-02,24,24.69,22.8,22.8,313467
2022-03-03,23.43,23.79,22.08,23.4,311967
2022-03-04,21.6,23.52,21.6,22.86,301733
2022-03-07,22.35,22.95,20.76,21.36,239467
2022-03-08,21.06,23.19,20.85,22.41,179000
2022-03-09,22.83,23.97,22.65,23.22,151600
2022-03-10,22.8,23.55,22.26,23.16,85267
2022-03-11,23.34,23.34,21.99,22.8,70233
2022-03-14,22.5,22.92,21.54,22.05,87167
2022-03-15,21.6,22.2,20.49,22.17,262233
2022-03-16,22.32,22.95,21.48,22.92,174167
2022-03-17,22.65,23.55,22.44,23.55,141100
2022-03-18,23.25,25.5,22.8,25.47,193233
2022-03-21,25.29,25.53,24.3,25.29,119600
2022-03-22,25.17,25.65,24.84,25.5,106067
2022-03-23,25.44,25.65,24.57,25.35,91767
2022-03-24,24.81,25.5,23.79,24.18,443567
2022-03-25,24.96,25.95,24.12,25.08,451667
2022-03-28,25.17,25.5,24.21,25.35,137067
2022-03-29,25.26,26.04,24.75,26.04,98400
2022-03-30,26.1,27.15,25.62,27.06,160400
2022-03-31,27.18,27.45,26.55,27.39,102067
2022-04-01,27.18,27.81,26.55,26.85,228600
2022-04-04,27.15,27.3,26.01,26.7,90833
2022-04-05,26.79,26.97,25.02,26.97,154867
2022-04-06,26.55,26.55,25.17,25.38,141000
2022-04-07,25.5,26.13,23.79,26.07,130633
2022-04-08,25.59,26.04,25.29,25.65,71633
2022-04-11,25.14,26.58,24.75,25.8,109933
2022-04-12,25.8,25.95,24.81,25.11,82033
2022-04-13,25.05,25.8,24.66,25.8,74033
2022-04-14,25.44,25.5,24.87,25.35,74633
2022-04-18,24.81,25.17,23.28,23.4,225600
2022-04-19,23.22,23.94,22.8,23.43,195367
2022-04-20,23.22,23.67,22.95,23.07,73900
2022-04-21,23.4,23.79,22.17,23.1,161700
2022-04-22,22.74,25.14,22.74,24.75,121133
2022-04-25,23.46,24.24,23.4,23.97,153767
2022-04-26,23.94,24.24,23.58,24.06,177467
2022-04-27,23.91,24.51,22.68,23.19,129867
2022-04-28,23.01,23.52,22.59,23.46,186567
2022-04-29,23.01,23.73,22.56,22.8,114033
2022-05-02,22.68,23.1,21.69,22.5,123167
2022-05-03,22.2,22.77,21.51,22.5,141633
2022-05-04,22.53,22.62,21.03,21.9,164533
2022-05-05,21.87,21.87,20.7,21.75,105333
2022-05-06,21.03,23.04,19.92,23.04,295833
2022-05-09,22.35,22.35,20.91,21.87,177500
2022-05-10,21.33,21.9,19.89,21.87,268433
2022-05-11,21.57,22.14,20.7,21.93,123367
2022-05-12,21.24,22.08,21.06,21.69,150233
2022-05-13,21.9,23.13,21.81,23.1,180767
2022-05-16,22.8,23.43,22.08,22.77,127467
2022-05-17,22.74,23.07,22.11,22.11,112833
2022-05-18,21.84,21.96,21.12,21.69,117033
2022-05-19,21.09,22.62,21.06,22.35,88633
2022-05-20,22.65,24.18,21.9,24.12,81900
2022-05-24,23.22,23.52,22.65,23.52,81000
2022-05-25,23.25,24.09,23.22,23.55,109000
2022-05-26,23.19,24.33,23.19,23.7,84800
2022-05-27,23.55,23.79,22.5,23.25,140867
2022-05-30,22.8,23.22,22.71,23.22,17433
2022-05-31,22.83,23.49,22.59,23.49,54367
2022-06-01,23.37,23.79,22.83,23.4,61133
2022-06-02,23.25,23.55,22.89,23.13,96800
2022-06-03,22.83,23.52,22.83,23.52,62500
2022-06-06,23.1,24.15,22.8,24,68633
2022-06-07,23.7,24.06,23.25,24.06,60300
2022-06-08,23.46,23.94,22.5,22.62,186167
2022-06-09,22.62,22.8,21.72,22.38,111800
2022-06-10,21.84,23.4,21.45,23.13,65700
2022-06-13,22.41,22.92,21.24,21.6,105200
2022-06-14,21.3,21.75,19.86,20.43,146167
2022-06-15,20.04,21.12,19.83,21.12,135300
2022-06-16,20.7,20.7,19.74,20.49,71667
2022-06-17,20.28,20.73,19.98,20.4,76867
2022-06-20,20.19,20.85,20.01,20.76,14600
2022-06-21,21,21.21,19.65,20.1,129733
2022-06-22,19.68,20.01,18.75,19.95,229733
2022-06-23,19.23,20.28,18.96,19.95,115333
2022-06-24,19.53,20.46,19.53,20.07,92867
2022-06-27,19.71,20.4,19.68,19.83,61133
2022-06-28,19.98,20.49,18.93,20.4,114167
2022-06-29,20.34,20.34,19.32,19.8,212900
2022-06-30,19.29,19.59,18.54,19.53,176333
2022-07-04,19.77,19.77,19.2,19.41,13467
2022-07-05,18.93,21.24,18.87,20.4,113367
2022-07-06,20.34,20.61,19.71,20.25,90033
2022-07-07,20.1,20.4,19.71,20.34,68033
2022-07-08,20.19,20.34,19.53,19.53,103000
2022-07-11,19.47,19.8,18.975,19.59,100133
2022-07-12,19.38,19.74,18.96,19.71,51533
2022-07-13,19.47,19.59,19.11,19.5,66233
2022-07-14,18.84,20.85,18.84,20.64,235267
2022-07-15,20.49,21.12,20.1,20.58,89333
2022-07-18,20.97,21.39,20.58,21.33,78567
2022-07-19,21.57,22.5,20.94,22.5,111800
2022-07-20,22.8,24,22.5,23.1,136233
2022-07-21,23.1,23.97,22.05,23.85,115500
2022-07-22,23.88,24.15,22.74,23.85,139467
2022-07-25,23.28,24.15,23.13,24.09,94033
2022-07-26,23.82,23.82,22.41,22.8,58833
2022-07-27,22.8,22.8,21.27,22.44,81067
2022-07-28,22.17,22.2,21.27,21.75,67200
2022-07-29,21.75,21.99,21.12,21.33,59233
2022-08-02,21.15,21.72,20.79,21.48,140233
2022-08-03,21.15,21.66,20.94,21.48,65167
2022-08-04,21.06,21.75,20.7,21,73500
2022-08-05,21.18,21.66,20.67,21.45,71367
2022-08-08,21.3,22.71,20.7,21.69,139300
2022-08-09,21.33,22.26,21.3,22.14,81300
2022-08-10,22.17,22.95,21.99,22.59,128867
2022-08-11,22.62,23.04,22.32,22.92,95800
2022-08-12,22.98,23.25,22.71,23.25,28933
2022-08-15,22.83,23.43,22.83,22.92,88867
2022-08-16,22.53,23.28,22.44,22.95,55367
2022-08-17,22.59,22.8,22.02,22.65,53133
2022-08-18,22.26,23.34,21.9,22.95,122100
2022-08-19,22.89,23.16,22.38,23.1,78700
2022-08-22,22.53,23.28,22.35,22.86,63167
2022-08-23,22.71,22.86,21.96,22.5,72400
2022-08-24,22.11,23.97,22.11,23.97,134433
2022-08-25,23.61,24.99,23.52,24.9,210500
2022-08-26,24.9,24.99,23.64,24.54,113133
2022-08-29,24.06,26.34,23.46,25.71,142867
2022-08-30,25.89,25.89,24.6,24.75,97467
2022-08-31,24.42,24.96,23.34,24.9,177233
2022-09-01,24.54,24.87,23.64,24.57,86500
2022-09-02,24.36,25.5,24.3,25.5,98767
2022-09-06,25.35,25.68,24.3,24.39,120100
2022-09-07,24.48,24.72,23.64,24,170100
2022-09-08,23.85,24,22.8,23.28,132167
2022-09-09,23.31,24.63,23.28,24,112633
2022-09-12,24.12,24.12,22.68,23.34,104333
2022-09-13,22.71,23.31,21.84,22.5,126033
2022-09-14,22.35,24.45,22.11,23.52,72900
2022-09-15,23.22,23.94,22.92,23.52,66833
2022-09-16,23.31,23.85,22.74,23.55,75267
2022-09-19,22.98,23.64,22.68,23.28,89733
2022-09-20,23.07,23.73,22.62,23.52,99767
2022-09-21,23.37,23.76,23.1,23.1,46433
2022-09-22,23.1,23.1,22.32,22.8,41533
2022-09-23,22.65,22.65,20.85,21.3,104967
2022-09-26,21,21.39,20.4,21.09,63567
2022-09-27,20.73,20.97,20.52,20.61,51933
2022-09-28,20.52,21.15,20.28,21,46700
2022-09-29,20.88,20.88,20.22,20.4,51133
2022-09-30,20.4,20.55,19.95,20.55,44200
2022-10-03,20.28,20.58,19.95,20.4,58533
2022-10-04,20.88,21.18,19.86,19.95,56433
2022-10-05,19.68,19.77,18.57,19.05,173667
2022-10-06,18.87,26.64,18.39,25.8,599567
2022-10-07,26.49,27.21,23.73,24.75,791333
2022-10-11,23.28,23.91,21.96,22.8,192733
2022-10-12,22.71,23.25,21.81,22.35,71133
2022-10-13,21.72,22.23,21.33,22.2,171367
2022-10-14,21.84,22.47,21.15,21.6,61933
2022-10-17,21.81,22.17,21.3,21.9,92433
2022-10-18,21.84,22.71,21.75,22.44,190467
2022-10-19,22.35,23.46,21.9,22.5,103000
2022-10-20,22.35,23.34,22.11,23.34,113033
2022-10-21,22.8,23.55,22.53,23.34,56133
2022-10-24,23.34,23.43,22.26,23.25,39033
2022-10-25,22.53,24.18,22.53,23.31,240600
2022-10-26,22.86,23.46,22.11,22.65,213833
2022-10-27,22.44,22.5,21.6,22.05,138867
2022-10-28,21.84,21.84,21.21,21.54,146767
2022-10-31,21.63,23.46,21.03,22.05,358267
2022-11-01,22.35,22.35,21.09,21.15,159200
2022-11-02,21.48,21.48,20.4,21.06,217333
2022-11-03,20.49,21.99,20.22,21.99,156267
2022-11-04,21.84,22.47,21.3,22.35,66933
2022-11-07,22.29,22.29,21.45,21.69,101367
2022-11-08,21.36,23.13,21,22.32,117733
2022-11-09,22.17,23.73,22.05,23.7,259167
2022-11-10,23.7,24.84,23.67,24.54,160700
2022-11-11,24.3,25.23,24.09,25.2,129100
2022-11-14,25.2,26.7,24.69,26.58,170400
2022-11-15,26.22,27.63,25.56,27.63,148233
2022-11-16,27.21,27.96,26.1,27.9,109433
2022-11-17,27.33,28.02,27.06,27.99,72267
2022-11-18,27.75,28.05,25.92,26.64,128633
2022-11-21,26.13,26.16,24.69,26.13,134967
2022-11-22,25.68,26.4,25.2,26.4,44667
2022-11-23,25.83,27.42,25.83,26.79,545500
2022-11-24,26.79,27.18,26.55,27.15,15000
2022-11-25,27.12,27.15,26.4,27.12,24867
2022-11-28,26.73,27.06,25.98,27,86733
2022-11-29,26.76,27.15,26.28,27.15,49400
2022-11-30,26.7,27.21,26.07,26.94,112100
2022-12-01,26.73,28.35,25.5,28.23,431667
2022-12-02,27.42,29.91,26.79,29.4,303400
2022-12-05,29.82,32.04,28.98,30.9,285167
2022-12-06,30.87,31.2,25.95,26.7,293533
2022-12-07,25.56,25.95,23.43,24.3,232533
2022-12-08,23.1,23.85,21.3,21.3,219467
2022-12-09,21.57,22.8,21.18,22.26,100700
2022-12-12,21.93,22.92,21.15,21.78,154267
2022-12-13,22.11,22.14,19.86,20.4,191500
2022-12-14,19.83,20.16,18.6,18.6,113667
2022-12-15,18.72,20.31,18.63,19.02,128267
2022-12-16,19.35,21.6,19.08,21.6,172400
2022-12-19,20.82,20.85,17.22,17.55,238733
2022-12-20,17.34,18.33,16.41,16.5,246567
2022-12-21,16.5,16.74,14.58,16.05,204167
2022-12-22,15.87,16.53,15.75,16.35,89867
2022-12-23,15.9,18,15.75,17.55,163567
2022-12-28,17.01,17.01,15.48,15.9,179933
2022-12-29,15.87,16.77,15.6,16.65,109467
2022-12-30,16.26,17.52,15.63,17.49,145300
2023-01-03,17.31,17.7,16.14,16.35,114333
2023-01-04,16.32,16.89,15.66,16.8,93267
2023-01-05,16.38,17.73,16.38,17.73,64067
2023-01-06,17.67,17.7,16.89,16.92,60700
2023-01-09,16.98,17.16,15.78,16.44,79433
2023-01-10,16.29,16.62,15.9,16.05,37067
2023-01-11,16.02,16.71,15.84,15.84,33200
2023-01-12,15.96,16.41,15.75,16.26,51867
2023-01-13,16.17,16.26,15.93,16.17,47167
2023-01-16,16.05,17.25,15.99,17.1,23033
2023-01-17,16.92,16.92,16.05,16.5,61567
2023-01-18,16.41,16.8,16.11,16.8,43433
2023-01-19,16.5,16.65,15.93,16.47,60867
2023-01-20,16.23,16.5,15.75,16.32,101900
2023-01-23,16.14,16.23,15.51,16.02,84033
2023-01-24,15.87,16.02,15.33,15.33,49933
2023-01-25,15.27,15.48,14.46,14.55,94800
2023-01-26,14.61,14.7,13.26,14.28,220133
2023-01-27,14.04,15.24,13.8,15,130267
2023-01-30,14.67,15.12,14.67,14.76,58233
2023-01-31,14.88,16.2,14.58,15.54,158500
2023-02-01,15.09,15.99,15.03,15.9,174300
2023-02-02,15.96,16.11,15.33,15.75,195600
2023-02-03,15.39,15.78,15.21,15.33,150767
2023-02-06,15.6,15.6,15.09,15.45,103900
2023-02-07,15.39,15.54,15,15.54,68900
2023-02-08,15.3,15.6,15.135,15.57,25600
2023-02-09,15.33,15.33,14.52,14.79,55567
2023-02-10,14.73,15.27,14.34,15.15,170967
2023-02-13,14.91,15.36,14.67,15,61600
2023-02-14,15.12,15.48,14.7,15.39,91167
2023-02-15,15.3,15.69,15.15,15.33,60167
2023-02-16,15.21,16.11,15,15.9,106300
2023-02-17,15.9,15.99,15.54,15.6,39133
2023-02-21,15.6,15.75,14.82,15.39,61500
2023-02-22,15.18,15.6,14.91,15,74000
2023-02-23,15.12,15.27,14.79,14.97,58700
2023-02-24,15,15.03,14.61,15,93333
2023-02-27,15.06,15.21,14.7,14.85,60600
2023-02-28,15,15.15,14.685,14.76,62500
2023-03-01,14.85,15.27,14.7,15.27,100667
2023-03-02,15.18,15.78,15.06,15.69,113900
2023-03-03,15.54,15.99,15.18,15.9,104600
2023-03-06,15.75,15.99,15.33,15.45,46833
2023-03-07,15.45,15.93,15.21,15.93,38300
2023-03-08,15.9,15.96,15.54,15.84,56833
2023-03-09,15.54,15.9,15.27,15.27,68867
2023-03-10,15.27,15.6,15.12,15.12,68100
2023-03-13,14.85,15.09,14.4,14.46,83100
2023-03-14,14.52,14.73,14.25,14.73,56867
2023-03-15,14.4,14.46,13.98,14.07,89633
2023-03-16,13.92,15,13.92,14.07,95067
2023-03-17,13.95,14.13,13.74,14.04,73100
2023-03-20,13.83,13.92,13.35,13.35,58700
2023-03-21,13.68,13.68,12.87,13.41,140267
2023-03-22,13.47,13.5,12.78,13.05,74300
2023-03-23,13.2,13.26,12.48,12.51,109633
2023-03-24,12.51,12.66,11.76,12.12,164100
2023-03-27,11.85,12.15,10.98,12.15,152567
2023-03-28,11.91,12.09,11.58,12.09,131367
2023-03-29,12,12.03,11.79,12.03,127267
2023-03-30,11.97,12,11.43,11.43,154300
2023-03-31,11.61,11.67,11.31,11.37,93033
2023-04-03,11.34,11.52,10.56,10.68,52767
2023-04-04,10.59,10.71,10.11,10.14,81733
2023-04-05,10.14,10.32,9.57,10.14,126633
2023-04-06,10.05,10.08,9.78,9.81,185400
2023-04-10,9.87,9.87,9.42,9.51,53800
2023-04-11,9.6,9.78,9.36,9.6,50967
2023-04-12,9.57,11.13,9.54,10.44,160633
2023-04-13,10.5,11.04,10.05,10.05,136867
2023-04-14,9.87,9.87,8.91,9.36,240400
2023-04-17,9.42,10.41,9.36,10.05,176400
2023-04-18,10.17,10.35,9.735,9.78,52533
2023-04-19,9.84,10.41,9.72,9.81,66567
2023-04-20,9.6,9.9,9.36,9.69,95733
2023-04-21,9.75,9.75,9.15,9.45,96667
2023-04-24,9.48,9.9,8.895,9.75,185933
2023-04-25,9.54,9.9,9.27,9.54,88600
2023-04-26,9.78,10.41,9.33,9.75,108900
2023-04-27,10.5,11.25,10.41,10.65,233900
2023-04-28,10.71,10.8,10.26,10.29,110533
2023-05-01,10.23,11.28,10.23,10.56,180967
2023-05-02,10.26,10.89,9.81,10.8,336467
2023-05-03,10.95,10.95,9.9,10.08,227800
2023-05-04,9.93,10.98,9.27,10.53,291933
2023-05-05,10.8,11.49,10.47,11.1,288533
2023-05-08,11.19,11.94,10.86,11.94,195200
2023-05-09,11.7,11.94,11.13,11.34,138800
2023-05-10,11.49,11.55,10.47,10.47,137600
2023-05-11,10.59,10.65,9.81,9.9,198633
2023-05-12,9.9,10.08,9.57,10.08,118067
2023-05-15,10.05,10.44,9.87,10.41,88667
2023-05-16,10.23,10.92,10.14,10.32,79033
2023-05-17,10.47,11.1,10.44,11.1,127267
2023-05-18,11.04,11.85,10.92,11.7,187100
2023-05-19,11.7,11.91,11.25,11.52,112333
2023-05-23,11.4,12.06,11.4,11.64,152567
2023-05-24,11.61,11.82,11.43,11.55,38033
2023-05-25,11.7,11.7,10.8,11.37,65433
2023-05-26,10.83,11.37,10.74,10.98,76900
2023-05-29,10.77,11.4,10.5,11.25,39500
2023-05-30,11.37,12.09,11.07,11.85,158600
2023-05-31,11.76,11.85,11.4,11.61,46700
2023-06-01,11.49,11.55,11.16,11.16,19433
2023-06-02,11.22,11.64,11.01,11.52,62000
2023-06-05,11.37,11.4,10.83,10.83,20167
2023-06-06,11.1,11.4,10.74,11.4,51767
2023-06-07,11.25,13.05,11.25,12.15,240700
2023-06-08,12.12,12.54,11.76,11.97,202067
2023-06-09,12.15,12.15,11.46,11.85,101500
2023-06-12,11.76,11.91,11.46,11.7,78667
2023-06-13,11.73,11.82,11.43,11.61,59933
2023-06-14,11.61,12.27,11.52,12.06,154700
2023-06-15,11.76,12.33,11.655,11.97,59567
2023-06-16,11.79,12.78,11.79,12.27,166000
2023-06-19,12.3,12.42,12.15,12.3,15767
2023-06-20,12.3,12.3,11.7,12,65400
2023-06-21,12,12.75,11.91,12.39,142867
2023-06-22,12.18,12.69,12.12,12.69,53967
2023-06-23,12.48,12.66,12.15,12.3,63300
2023-06-26,12.03,12.24,11.88,11.91,37133
2023-06-27,12,12.57,11.88,12.09,77767
2023-06-28,12.15,12.15,11.85,12.15,50633
2023-06-29,12.165,12.165,11.88,12,30900
2023-06-30,11.88,12.36,11.76,12.27,42867
2023-07-04,12.51,12.72,12.48,12.6,28167
2023-07-05,12.48,13.71,12.48,13.44,78333
2023-07-06,13.2,14.04,13.2,13.86,71367
2023-07-07,13.8,16.26,13.74,16.05,148300
2023-07-10,16.35,17.04,15.15,15.24,320067
2023-07-11,15.27,15.6,14.52,14.79,106567
2023-07-12,14.73,14.97,14.22,14.58,68333
2023-07-13,14.46,15.51,14.25,14.97,63300
2023-07-14,14.82,15,14.37,14.7,38867
2023-07-17,14.52,14.7,14.07,14.58,65033
2023-07-18,14.49,14.55,13.92,14.1,62133
2023-07-19,14.01,14.28,13.77,13.77,36933
2023-07-20,13.77,14.25,12.87,14.07,144600
2023-07-21,13.86,13.86,13.14,13.8,130867
2023-07-24,13.47,13.5,12.9,13.08,76067
2023-07-25,13.05,13.08,12.6,12.99,58300
2023-07-26,12.9,13.47,12.69,12.99,100667
2023-07-27,12.87,13.08,12.69,12.87,35300
2023-07-28,12.75,13.77,12.75,13.74,94000
2023-07-31,13.74,14.7,13.68,14.67,94967
2023-08-01,14.7,14.88,14.04,14.52,38867
2023-08-02,14.25,14.46,13.755,14.07,30400
2023-08-03,13.74,14.52,13.71,14.22,46633
2023-08-04,14.31,14.31,13.83,14.1,34267
2023-08-08,13.53,13.92,13.035,13.62,121833
2023-08-09,13.56,13.56,12.18,12.24,117867
2023-08-10,12.09,12.6,10.74,12.45,553067
2023-08-11,12.06,12.15,11.19,12.06,172533
2023-08-14,11.73,11.91,11.13,11.13,107900
2023-08-15,11.1,11.22,10.35,11.22,950667
2023-08-16,11.01,11.28,10.65,11.1,61467
2023-08-17,11.13,11.64,11.01,11.4,130967
2023-08-18,11.22,11.61,11.1,11.4,19133
2023-08-21,11.22,12.03,11.22,11.97,233300
2023-08-22,11.73,11.85,11.4,11.7,99267
2023-08-23,11.7,11.76,11.25,11.61,145633
2023-08-24,11.46,11.7,11.37,11.7,47200
2023-08-25,11.46,11.97,11.43,11.85,75633
2023-08-28,11.73,11.73,11.1,11.13,74400
2023-08-29,11.31,11.88,10.86,10.86,264867
2023-08-30,11.01,13.62,10.65,12.96,525300
2023-08-31,13.2,16.44,13.2,15,648067
2023-09-01,15.3,16.74,14.55,15.63,994200
2023-09-05,16.05,18.42,15.87,18.03,892533
2023-09-06,19.05,19.32,17.28,17.91,548933
2023-09-07,18.12,18.51,17.64,18,641200
2023-09-08,18.12,21.03,17.55,18.78,664500
2023-09-11,20.16,21.96,19.53,21.36,419600
2023-09-12,20.94,21.66,18.45,20.46,632567
2023-09-13,20.37,21.54,19.5,19.8,638300
2023-09-14,20.4,21.9,20.4,21.81,395967
2023-09-15,22.8,23.52,20.46,21.9,721033
2023-09-18,21.48,21.6,20.1,20.61,206267
2023-09-19,20.16,20.52,17.46,17.64,593933
2023-09-20,17.73,18.75,17.61,18.12,177533
2023-09-21,18.03,18.3,15.9,16.35,460833
2023-09-22,16.5,17.73,16.2,17.55,97600
2023-09-25,17.85,18.99,16.14,17.25,541100
2023-09-26,17.43,18.33,16.62,17.22,503100
2023-09-27,17.34,18.75,16.8,17.94,461833
2023-09-28,17.7,18.3,16.98,18.24,400500
2023-09-29,18.18,18.66,17.04,18.3,290467
2023-10-02,18.75,19.23,16.74,18.66,613800
2023-10-03,18.36,18.48,16.89,16.89,481567
2023-10-04,16.89,17.52,16.11,16.2,269733
2023-10-05,16.53,17.46,15.57,16.32,373333
2023-10-06,16.26,18.42,16.17,17.31,381467
2023-10-10,17.25,18.66,17.25,18.3,434500
2023-10-11,18.03,18.45,15.3,16.08,991900
2023-10-12,16.14,17.4,15.75,16.71,243000
2023-10-13,16.65,17.25,15.99,16.65,198167
2023-10-16,16.2,17.04,16.17,16.17,135200
2023-10-17,16.2,17.1,16.08,16.68,246867
2023-10-18,16.56,17.58,14.73,14.82,577033
2023-10-19,14.85,15.48,14.7,15.3,81867
2023-10-20,15,15.18,14.55,15,109267
2023-10-23,14.4,14.79,14.13,14.43,121233
2023-10-24,14.43,14.43,13.44,14.28,406733
2023-10-25,13.71,13.8,12.99,13.08,225033
2023-10-26,13.2,13.2,12.21,12.45,164233
2023-10-27,12.6,12.72,11.28,11.43,366400
2023-10-30,11.61,11.61,10.44,10.77,323200
2023-10-31,10.8,12.39,10.8,12,146467
2023-11-01,12,12.21,11.46,11.64,58633
2023-11-02,11.7,12.57,11.61,12.24,134600
2023-11-03,12.42,13.08,12.15,12.6,91400
2023-11-06,12.81,12.99,12.465,12.78,72033
2023-11-07,12.84,13.17,12.63,13.17,39500
2023-11-08,12.78,13.47,12.75,12.9,105600
2023-11-09,13.05,13.14,12.15,12.6,98433
2023-11-10,12.33,13.62,12.09,13.59,122567
2023-11-13,13.44,13.86,13.05,13.53,114733
2023-11-14,13.56,13.89,12.87,13.38,83367
2023-11-15,13.26,14.01,13.26,13.86,172033
2023-11-16,13.92,14.25,13.35,14.1,148400
2023-11-17,13.92,15.21,13.86,15,252333
2023-11-20,15.3,15.3,13.95,14.31,123933
2023-11-21,13.86,15.15,13.65,15,66367
2023-11-22,14.64,15,14.4,15,45867
2023-11-23,14.97,14.97,14.46,14.49,8333
2023-11-24,14.67,14.7,14.04,14.43,70133
2023-11-27,14.28,15,14.22,14.79,42633
2023-11-28,14.52,15.45,14.52,15.33,69567
2023-11-29,15.06,15.42,14.67,14.79,54567
2023-11-30,14.76,14.82,14.04,14.1,70833
2023-12-01,13.92,14.55,13.8,14.55,64200
2023-12-04,14.4,16.26,14.25,15.69,181267
2023-12-05,15.36,16.11,15.36,16.08,55000
2023-12-06,16.05,17.55,15.96,17.55,150367
2023-12-07,17.52,17.7,17.205,17.31,69700
2023-12-08,17.37,17.91,16.59,17.34,101667
2023-12-11,17.13,17.19,16.71,16.86,46033
2023-12-12,16.8,16.8,14.34,14.34,179733
2023-12-13,14.64,15.78,14.16,15.66,109000
2023-12-14,16.5,16.5,14.82,15.42,38867
2023-12-15,15.45,15.45,14.88,14.97,24467
2023-12-18,15.48,15.48,14.97,15.06,72933
2023-12-19,14.88,15.03,14.73,15.03,83600
2023-12-20,14.82,15,14.4,14.76,67767
2023-12-21,14.58,14.58,13.77,13.86,66467
2023-12-22,13.92,15.15,13.74,14.94,119633
2023-12-27,15.45,16.5,15.45,16.05,149967
2023-12-28,15.93,16.41,15.69,16.32,32333
2023-12-29,16.41,16.65,15.81,16.53,67567
2024-01-02,16.56,16.74,15.72,15.78,70500
2024-01-03,16.08,17.04,15.66,16.89,172700
2024-01-04,16.8,18.03,16.77,17.4,180900
2024-01-05,17.19,19.29,17.01,18.72,458667
2024-01-08,18.84,18.84,17.64,17.97,164200
2024-01-09,17.91,17.97,17.31,17.55,63133
2024-01-10,17.76,17.76,16.65,16.83,70100
2024-01-11,16.95,17.55,16.8,17.31,63033
2024-01-12,17.22,19.17,17.16,18.33,230133
2024-01-15,19.5,20.04,18.93,19.74,225500
2024-01-16,19.62,20.28,18.9,20.22,233600
2024-01-17,19.65,20.1,18.96,19.53,113200
2024-01-18,19.35,19.5,18.33,18.51,132000
2024-01-19,19.17,19.74,18.12,19.71,136267
2024-01-22,19.68,19.98,18.87,19.71,121367
2024-01-23,19.71,19.74,18.9,18.96,87867
2024-01-24,18.99,20.25,18.99,19.8,245067
2024-01-25,19.5,20.31,19.44,19.98,104700
2024-01-26,20.4,20.85,19.98,20.58,128033
2024-01-29,20.91,20.91,20.07,20.85,98767
2024-01-30,20.58,21.57,20.58,21,144267
2024-01-31,20.97,21.63,20.1,21.09,140600
2024-02-01,21.18,22.38,21.06,22.32,194867
2024-02-02,22.2,23.22,21.69,22.86,282133
2024-02-05,22.56,22.77,21.42,21.9,126733
2024-02-06,21.78,23.43,21.78,23.13,277667
2024-02-07,23.07,23.07,22.2,22.86,353467
2024-02-08,22.65,22.86,21.72,21.9,139100
2024-02-09,21.9,21.93,21.48,21.72,73200
2024-02-12,22.02,22.02,19.77,19.98,259800
2024-02-13,19.68,20.67,19.17,19.74,133067
2024-02-14,19.8,20.19,19.35,19.77,136233
2024-02-15,19.74,21.03,19.65,21.03,154833
2024-02-16,21.3,21.3,20.16,20.61,141267
2024-02-20,20.25,20.55,19.92,20.25,38933
2024-02-21,19.95,20.61,19.86,20.61,119967
2024-02-22,20.58,20.97,20.31,20.76,106000
2024-02-23,20.76,21.78,20.76,21.69,230600
2024-02-26,21.81,22.08,20.85,20.97,93333
2024-02-27,20.7,21.21,20.16,20.16,72733
2024-02-28,20.16,20.64,19.71,19.77,62333
2024-02-29,19.65,20.31,19.32,19.44,150833
2024-03-01,19.41,19.86,19.32,19.86,158733
2024-03-04,19.59,19.65,19.08,19.2,40767
2024-03-05,19.17,19.77,18.3,19.29,104433
2024-03-06,19.44,19.44,17.64,18,130733
2024-03-07,18.09,18.09,16.62,17.13,176000
2024-03-08,17.55,17.79,16.74,17.25,209167
2024-03-11,17.13,17.13,15.51,15.63,152100
2024-03-12,15.87,16.29,15.36,15.78,117067
2024-03-13,15.93,16.5,15.75,16.32,50600
2024-03-14,16.53,16.71,16.2,16.44,41533
2024-03-15,17.16,21.48,16.98,20.7,526700
2024-03-18,20.91,21.12,20.25,20.94,287833
2024-03-19,20.79,21.09,20.25,20.46,147367
2024-03-20,20.46,20.58,19.89,19.95,63700
2024-03-21,20.13,21.72,19.26,21.6,212100
2024-03-22,21.39,22.2,20.94,21.75,204033
2024-03-25,21.9,21.9,20.22,20.22,246533
2024-03-26,20.16,21.06,20.1,20.55,107533
2024-03-27,21.09,22.41,20.49,22.29,199133
2024-03-28,22.2,22.2,21.15,21.72,191767
2024-04-01,21.33,22.41,21.03,22.2,137700
2024-04-02,21.75,22.29,21.6,22.05,185800
2024-04-03,21.6,23.01,21.45,22.95,177633
2024-04-04,23.1,23.88,20.52,21.33,459333
2024-04-05,21.84,22.44,21.21,22.41,280500
2024-04-08,22.95,23.4,21.84,22.14,108900
2024-04-09,21.96,22.17,21.39,21.81,72733
2024-04-10,21.51,21.96,21.03,21.9,75600
2024-04-11,21.9,21.96,20.52,21.72,149367
2024-04-12,21.72,21.75,19.44,19.92,231433
2024-04-15,19.74,20.85,19.59,20.25,106800
2024-04-16,19.8,21.09,19.65,20.67,76567
2024-04-17,20.7,21.72,20.61,21.48,142433
2024-04-18,21.3,21.69,20.79,20.88,92900
2024-04-19,21.15,21.15,20.34,20.4,57033
2024-04-22,20.52,20.52,19.41,19.86,106400
2024-04-23,19.59,20.4,19.59,20.28,58367
2024-04-24,20.25,20.73,20.07,20.58,44200
2024-04-25,20.4,20.64,19.47,19.47,65867
2024-04-26,19.44,20.61,19.41,20.34,86433
2024-04-29,20.52,20.85,19.59,20.67,129833
2024-04-30,20.37,26.19,20.28,25.8,1231167
2024-05-01,24.69,25.8,22.59,23.28,396200
2024-05-02,23.31,24.15,22.89,23.19,164367
2024-05-03,23.7,23.97,22.56,23.1,118767
2024-05-06,23.55,23.58,22.5,23.04,123533
2024-05-07,22.74,23.34,21.84,21.93,116433
2024-05-08,21.99,22.11,21.42,22.05,63200
2024-05-09,22.17,22.62,21.78,22.5,62500
2024-05-10,22.14,22.65,21.15,22.59,127033
2024-05-13,22.5,22.98,21.81,22.98,95967
2024-05-14,23.1,24.03,22.545,24.03,144333
2024-05-15,23.97,23.97,22.65,23.34,166700
2024-05-16,23.13,24.585,22.86,23.16,455267
2024-05-17,23.43,23.85,22.47,22.86,190067
2024-05-21,22.47,22.47,20.82,21.39,144633
2024-05-22,21.15,21.45,20.88,20.94,70367
2024-05-23,20.97,21.24,19.35,19.38,108133
2024-05-24,19.08,19.77,19.02,19.08,118600
2024-05-27,18.78,18.93,18.42,18.84,61933
2024-05-28,18.84,19.89,18.84,19.08,98533
2024-05-29,18.99,19.26,18.48,18.48,87733
2024-05-30,18.6,19.11,18.36,18.69,46633
2024-05-31,18.75,19.38,18.33,18.9,106500
2024-06-03,19.35,19.41,18.06,18.39,93467
2024-06-04,18.24,18.63,17.88,18.6,87733
2024-06-05,18.39,18.75,18.18,18.3,52333
2024-06-06,18.09,18.57,17.97,18.39,51167
2024-06-07,18.36,18.6,17.64,18.54,143267
2024-06-10,18.3,18.6,18.12,18.24,39333
2024-06-11,18.12,18.27,17.595,18.03,83067
2024-06-12,18.15,18.48,17.88,18.39,78467
2024-06-13,18.3,18.3,17.22,17.49,139000
2024-06-14,17.52,17.52,16.47,16.5,105200
2024-06-17,16.44,16.74,15.84,16.59,81367
2024-06-18,16.53,16.68,16.17,16.26,45833
2024-06-19,16.02,16.05,15.81,15.99,19367
2024-06-20,15.93,16.5,15.93,16.47,46233
2024-06-21,16.35,16.5,15.84,16.44,147933
2024-06-24,15.9,16.98,15.9,16.92,127300
2024-06-25,16.92,16.95,16.26,16.32,59467
2024-06-26,16.2,16.92,15.885,16.83,82600
2024-06-27,16.74,17.58,16.71,17.58,115267
2024-06-28,17.34,17.52,15.6,15.75,134833
2024-07-02,15.66,15.78,15.06,15.45,81567
2024-07-03,15.45,16.38,15.18,15.96,71667
2024-07-04,15.96,16.11,15.63,15.9,31067
2024-07-05,15.96,16.08,15.54,15.66,46633
2024-07-08,15.48,16.05,15.48,15.99,21833
2024-07-09,16.02,16.02,14.97,15.45,54133
2024-07-10,15.54,15.81,15.24,15.66,50867
2024-07-11,15.42,17.19,15.42,17.01,102900
2024-07-12,17.04,17.55,16.83,17.19,52333
2024-07-15,16.77,17.55,16.545,17.13,51867
2024-07-16,17.16,18.03,16.89,17.76,98400
2024-07-17,17.85,18.21,17.4,17.73,78133
2024-07-18,17.97,18.27,17.49,17.82,50867
2024-07-19,17.88,17.91,16.71,17.1,87333
2024-07-22,17.19,17.88,16.68,17.64,58767
2024-07-23,17.64,18.27,17.4,17.79,67967
2024-07-24,17.82,17.82,16.95,16.98,60100
2024-07-25,16.95,17.01,16.38,16.5,43633
2024-07-26,16.5,16.83,16.35,16.65,25100
2024-07-29,16.65,16.89,16.53,16.68,36400
2024-07-30,16.59,16.86,16.2,16.65,30133
2024-07-31,16.05,16.89,16.05,16.44,52067
2024-08-01,16.41,16.5,15.75,15.75,53800
2024-08-02,15.66,15.66,14.61,15.03,65633
2024-08-06,14.7,14.7,13.5,13.92,160567
2024-08-07,14.25,14.34,13.11,13.2,63167
2024-08-08,13.83,14.22,12.96,13.89,103633
2024-08-09,14.16,14.34,13.41,13.56,95800
2024-08-12,13.77,13.77,12.75,12.84,140067
2024-08-13,12.93,13.62,12.84,12.93,131400
2024-08-14,13.2,13.65,12.81,13.02,143400
2024-08-15,13.2,13.47,13.02,13.05,96367
2024-08-16,13.29,13.32,13.08,13.29,106767
2024-08-19,13.53,13.77,13.38,13.68,94233
2024-08-20,13.74,13.8,12.69,12.75,120533
2024-08-21,12.81,13.2,12.75,13.11,61000
2024-08-22,13.26,13.32,12.54,12.72,98733
2024-08-23,12.9,13.17,12.78,13.05,99333
2024-08-26,12.96,13.08,12.54,12.87,72533
2024-08-27,11.85,11.85,10.95,11.07,294033
2024-08-28,11.7,11.7,11.1,11.22,157767
2024-08-29,11.31,11.82,11.22,11.73,73800
2024-08-30,11.85,12.09,11.67,11.73,102367
2024-09-03,12.15,12.27,11.52,12.06,81200
2024-09-04,12.06,12.75,11.94,12.12,95833
2024-09-05,12.03,12.72,12.03,12.15,69533
2024-09-06,12.06,12.33,11.46,11.46,80067
2024-09-09,12.06,13.02,11.94,12.75,262600
2024-09-10,12.96,12.96,12.03,12.15,118200
2024-09-11,12.27,12.27,11.49,11.52,203467
2024-09-12,11.52,11.76,11.43,11.46,162733
2024-09-13,11.4,11.94,11.4,11.88,66867
2024-09-16,11.79,12.3,11.79,12.21,56667
2024-09-17,12.21,12.63,12.06,12.21,72833
2024-09-18,12.09,12.57,11.7,12.12,80967
2024-09-19,12.3,12.33,11.97,12.09,57500
2024-09-20,11.94,12.24,11.76,11.76,137433
2024-09-23,11.88,12.36,11.7,12.33,80100
2024-09-24,12.3,12.81,12.27,12.39,144667
2024-09-25,12.57,12.63,11.94,12,74867
2024-09-26,12.24,12.33,12.03,12.3,52400
2024-09-27,12.3,12.48,12.21,12.36,52267
2024-09-30,12.27,12.6,12.135,12.36,71667
2024-10-01,12.27,12.36,11.91,11.97,64933
2024-10-02,12,12,11.76,11.82,64833
2024-10-03,11.88,12.21,11.79,12.21,32133
2024-10-04,12.36,12.42,12.075,12.21,55733
2024-10-07,12.12,12.24,11.865,12,38333
2024-10-08,12.03,12.18,11.91,12.12,33567
2024-10-09,12.03,12.27,11.94,12.09,43233
2024-10-10,11.91,12.18,11.91,12.03,48300
2024-10-11,11.97,12.24,11.97,12.24,36200
2024-10-15,12.15,12.63,12.15,12.39,66767
2024-10-16,12.57,12.78,12.315,12.48,64833
2024-10-17,12.48,12.75,12.3,12.75,48967
2024-10-18,12.87,13.005,12.63,12.99,40700
2024-10-21,12.96,13.26,12.84,12.99,64533
2024-10-22,12.99,14.67,12.87,14.67,210500
2024-10-23,14.76,14.82,13.98,14.16,109800
2024-10-24,14.1,14.55,13.8,13.95,58567
2024-10-25,14.04,14.37,13.53,14.31,66200
2024-10-28,14.49,14.49,13.32,13.5,80333
2024-10-29,13.5,13.5,12.48,12.63,105967
2024-10-30,12.39,12.78,12.18,12.33,100067
2024-10-31,12.48,12.48,11.91,12.09,100200
2024-11-01,12.12,12.42,12.12,12.3,73467
2024-11-04,12.54,13.05,12.54,12.9,143333
2024-11-05,13.14,13.14,12.6,13.02,95167
2024-11-06,11.43,11.79,8.73,9.12,961233
2024-11-07,8.88,9.6,8.61,9.27,538000
2024-11-08,9.78,9.78,8.64,8.82,257433
2024-11-11,9.09,9.27,6.81,6.99,645600
2024-11-12,7.05,8.64,7.05,8.49,412900
2024-11-13,8.7,9.63,7.965,9.45,324933
2024-11-14,8.88,9.9,8.88,9.3,229867
2024-11-15,9.24,9.48,8.685,9.39,203033
2024-11-18,9.39,9.45,8.94,9.09,138300
2024-11-19,9,9.03,8.4,8.7,205267
2024-11-20,8.7,9.12,8.46,8.85,163400
2024-11-21,8.67,8.82,8.1,8.31,161167
2024-11-22,8.25,8.37,7.89,8.19,218467
2024-11-25,7.95,8.28,7.83,8.28,155700
2024-11-26,7.98,8.67,7.935,8.31,193867
2024-11-27,8.25,8.535,8.22,8.49,77233
2024-11-28,8.4,8.4,8.19,8.22,25767
2024-11-29,8.22,8.46,8.01,8.07,93633
2024-12-02,8.1,8.4,7.89,8.1,110600
2024-12-03,8.07,8.19,7.59,7.71,213400
2024-12-04,7.86,7.86,7.23,7.35,218900
2024-12-05,7.2,7.65,7.035,7.35,263867
2024-12-06,7.44,7.59,7.185,7.32,143267
2024-12-09,7.32,7.86,7.2,7.56,195333
2024-12-10,7.68,7.95,7.5,7.5,152267
2024-12-11,7.53,7.53,7.065,7.26,123433
2024-12-12,7.14,7.23,6.63,6.72,396933
2024-12-13,6.63,6.84,6.27,6.72,233933
2024-12-16,6.75,6.855,6.18,6.27,263467
2024-12-17,6.27,6.96,6.165,6.93,338067
2024-12-18,6.99,7.17,6.57,6.6,219233
2024-12-19,6.69,6.69,6.33,6.33,83633
2024-12-20,6.33,6.795,6.27,6.36,305433
2024-12-23,6.6,6.6,6.36,6.45,99467
2024-12-24,6.72,6.72,6.36,6.72,73600
2024-12-27,6.72,6.72,6.405,6.57,145233
2024-12-30,6.51,6.6,6.18,6.45,278033
2024-12-31,6.33,6.96,6.27,6.72,252567
2025-01-02,6.72,7.17,6.48,6.9,236500
2025-01-03,7.08,7.11,6.9,6.93,102267
2025-01-06,7.08,7.17,6.93,6.93,99200
2025-01-07,7.02,7.02,6.84,6.87,79067
2025-01-08,6.84,6.87,6.315,6.36,195867
2025-01-09,6.39,6.39,6.15,6.21,59800
2025-01-10,6.33,6.45,6.15,6.18,190000
2025-01-13,6.12,6.21,5.88,6.15,198533
2025-01-14,5.97,6,5.79,5.97,195967
2025-01-15,6,6,5.835,5.85,83800
2025-01-16,5.91,5.97,5.745,5.88,57900
2025-01-17,6,6.54,5.94,6.54,145433
2025-01-20,6.6,6.78,6.45,6.51,34100
2025-01-21,6.51,6.66,6.33,6.39,37667
2025-01-22,6.36,6.42,6,6,67867
2025-01-23,6.03,6.06,5.46,5.46,260067
2025-01-24,5.46,5.79,5.46,5.58,209833
2025-01-27,5.55,5.64,5.385,5.46,103633
2025-01-28,5.55,5.76,5.4,5.46,125467
2025-01-29,5.64,5.79,5.43,5.43,105333
2025-01-30,5.46,6.12,5.46,6.06,187400
2025-01-31,6,6.15,5.55,5.67,183167
2025-02-03,5.64,5.73,5.34,5.61,155133
2025-02-04,5.52,6.48,5.52,6.39,165267
2025-02-05,6.42,7.35,6.42,7.11,292900
2025-02-06,7.2,7.215,6.81,6.96,191300
2025-02-07,6.99,7.08,6.765,6.87,125133
2025-02-10,6.78,6.99,6.51,6.6,131167
2025-02-11,6.69,6.69,6.15,6.18,77867
2025-02-12,6.21,6.3,6.06,6.3,97000
2025-02-13,6.18,6.54,6.18,6.39,64000
2025-02-14,6.42,6.42,6.15,6.21,45600
2025-02-18,6.18,6.21,5.94,5.97,62233
2025-02-19,5.85,6.12,5.64,5.94,123967
2025-02-20,6,6.15,5.64,5.97,122167
2025-02-21,5.97,6.18,5.745,6.18,94167
2025-02-24,6.09,6.09,5.82,5.91,64400
2025-02-25,5.91,5.985,5.58,5.61,97000
2025-02-26,5.58,6.06,5.58,5.67,29200
2025-02-27,5.67,5.82,5.58,5.79,96800
2025-02-28,5.76,5.82,5.61,5.79,49300
2025-03-03,5.67,5.7,5.085,5.25,164733
2025-03-04,5.16,5.16,4.425,4.56,460600
2025-03-05,4.59,4.8,4.335,4.8,253633
2025-03-06,4.65,4.71,4.455,4.5,161767
2025-03-07,4.5,4.68,4.35,4.44,155300
2025-03-10,4.44,4.485,4.26,4.32,154633
2025-03-11,4.26,4.35,4.08,4.23,157933
2025-03-12,4.47,4.485,4.2,4.29,114667
2025-03-13,4.17,4.29,3.96,4.02,134800
2025-03-14,4.05,4.17,4.005,4.02,91800
2025-03-17,4.02,4.32,4.02,4.23,107933
2025-03-18,4.29,4.32,4.08,4.17,68633
2025-03-19,4.2,4.47,4.14,4.32,82367
2025-03-20,4.35,4.41,4.02,4.08,152667
2025-03-21,4.17,4.2,3.84,3.84,172833
2025-03-24,3.9,3.96,3.78,3.93,84967
2025-03-25,3.87,3.87,3.75,3.84,72933
2025-03-26,3.84,3.87,3.63,3.75,168933
2025-03-27,3.69,4.32,3.66,4.26,314167
2025-03-28,4.11,4.29,3.84,4.29,172700
2025-03-31,4.26,4.26,3.885,3.99,134433
2025-04-01,3.87,4.2,3.84,3.87,101167
2025-04-02,3.9,3.9,3.75,3.75,100667
2025-04-03,3.75,3.75,3.45,3.48,154867
2025-04-04,3.36,3.63,3.03,3.21,266767
2025-04-07,3.06,3.21,3.015,3.06,146833
2025-04-08,3.24,3.27,3.015,3.09,191833
2025-04-09,3.09,3.48,3.09,3.18,134433
2025-04-10,3.15,3.33,3.135,3.21,80333
2025-04-11,3.24,3.36,3.15,3.36,84767
2025-04-14,3.39,3.45,3.27,3.33,93133
2025-04-15,3.3,3.54,3.3,3.39,60233
2025-04-16,3.42,3.615,3.42,3.51,48800
2025-04-17,3.51,4.08,3.51,4.02,171600
2025-04-21,4.14,4.14,3.51,3.57,129400
2025-04-22,3.57,3.72,3.51,3.66,90200
2025-04-23,3.72,3.93,3.66,3.78,60467
2025-04-24,3.78,4.32,3.78,4.02,436233
2025-04-25,4.02,4.62,3.9,3.96,265267
2025-04-28,3.96,4.08,3.63,3.63,104567
2025-04-29,3.69,4.05,3.66,3.87,148533
2025-04-30,3.84,4.56,3.615,4.5,399400
2025-05-01,4.44,4.44,3.96,4.02,211733
2025-05-02,4.14,4.14,3.93,3.93,60767
2025-05-05,4.02,4.095,3.81,3.87,48133
2025-05-06,3.78,3.87,3.6,3.6,76467
2025-05-07,3.6,3.72,3.525,3.57,449000
2025-05-08,3.6,3.765,3.51,3.63,101133
2025-05-09,3.63,3.75,3.39,3.42,194867
2025-05-12,3.54,3.6,3.42,3.42,108200
2025-05-13,3.54,3.69,3.48,3.63,113433
2025-05-14,3.63,3.72,3.6,3.69,34500
2025-05-15,3.75,3.84,3.57,3.72,139467
2025-05-16,3.75,3.87,3.42,3.45,414100
2025-05-20,3.48,3.69,3.45,3.6,122433
2025-05-21,3.54,3.69,3.48,3.51,49833
2025-05-22,3.54,3.6,3.48,3.6,36600
2025-05-23,3.48,3.6,3.48,3.57,41367
2025-05-26,3.51,3.6,3.51,3.57,9500
2025-05-27,3.69,3.765,3.54,3.69,73133
2025-05-28,3.69,3.75,3.585,3.66,46133
2025-05-29,3.75,3.75,3.6,3.66,16400
2025-05-30,3.6,3.6,3.39,3.42,81533
2025-06-02,3.45,3.45,3.36,3.36,81800
2025-06-03,3.39,3.495,3.36,3.42,28467
2025-06-04,3.48,3.645,3.42,3.6,94267
2025-06-05,3.63,3.63,3.51,3.54,15333
2025-06-06,3.6,3.66,3.495,3.66,68133
2025-06-09,3.57,3.66,3.54,3.66,34100
2025-06-10,3.6,3.6,3.45,3.51,25300
2025-06-11,3.51,3.57,3.39,3.42,35800
2025-06-12,3.42,3.45,3.33,3.33,97867
2025-06-13,3.33,3.36,3.21,3.27,96233
2025-06-16,3.33,3.48,3.21,3.45,75000
2025-06-17,3.45,3.48,3.36,3.42,28833
2025-06-18,3.36,3.465,3.27,3.45,129633
2025-06-19,3.42,3.45,3.315,3.39,11400
2025-06-20,3.42,3.42,3.24,3.24,83267
2025-06-23,3.36,3.36,3.18,3.21,55667
2025-06-24,3,3.285,2.97,3.21,109433
2025-06-25,3.24,3.45,3.24,3.42,50600
2025-06-26,3.45,3.45,3.27,3.45,87367
2025-06-27,3.36,3.36,3.24,3.3,33133
2025-06-30,3.24,3.45,3.24,3.45,35267
2025-07-02,3.45,3.45,3.36,3.42,43200
2025-07-03,3.42,3.45,3.39,3.39,15567
2025-07-04,3.45,3.54,3.405,3.51,20233
2025-07-07,3.48,3.51,3.36,3.39,24700
2025-07-08,3.42,3.99,3.42,3.87,157300
2025-07-09,3.84,4.11,3.84,4.05,84600
2025-07-10,4.11,5.7,4.05,4.95,356933
2025-07-11,4.89,5.07,4.56,4.77,121333
2025-07-14,4.77,4.845,4.53,4.56,53367
2025-07-15,4.53,4.56,4.14,4.14,88233
2025-07-16,4.05,4.23,3.9,4.11,150967
2025-07-17,4.02,4.23,3.99,4.14,26033
2025-07-18,4.2,4.32,4.11,4.11,47333
2025-07-21,4.08,5.1,4.05,5.04,135167
2025-07-22,5.04,5.25,4.68,4.86,157867
2025-07-23,4.8,5.22,4.8,5.04,136267
2025-07-24,5.07,5.19,5.01,5.19,76633
2025-07-25,5.19,6,5.16,5.88,277000
2025-07-28,5.7,6.27,5.7,6.15,328933
2025-07-29,6.21,6.21,5.58,5.76,131733
2025-07-30,5.64,5.97,5.61,5.82,79567
2025-07-31,5.94,6.15,5.58,5.67,92933
2025-08-01,5.67,6.21,5.55,5.88,194333
2025-08-05,6.21,7.89,6.15,7.83,391500
2025-08-06,8.07,8.1,6.75,6.93,258633
2025-08-07,6.9,7.425,6.3,7.23,219400
2025-08-08,7.47,8.61,7.35,8.4,326833
2025-08-11,9,11.76,9,11.4,1162833
2025-08-12,11.7,12.27,10.71,11.25,510700
2025-08-13,11.01,12.69,10.89,12.69,507800
2025-08-14,12.3,12.72,11.97,12.09,391067
2025-08-15,12.12,12.42,10.98,11.04,269600
2025-08-18,11.04,12.18,11.04,12,643867
2025-08-19,12.09,12.33,10.41,10.5,230067
2025-08-20,10.2,11.22,10.05,10.83,283400
2025-08-21,10.41,11.97,10.41,11.85,233367
2025-08-22,12,12.45,11.61,11.7,250367
2025-08-25,11.82,12.6,11.79,12.51,410600
2025-08-26,12.57,13.47,12.09,13.14,310733
2025-08-27,13.5,13.5,12.6,13.26,315600
2025-08-28,13.2,15,13.2,14.01,695867
2025-08-29,14.28,14.34,12.87,13.53,354267
2025-09-02,12.9,13.2,11.97,12.15,332033
2025-09-03,12,12.42,11.28,11.43,231933
2025-09-04,11.19,12.12,11.19,11.61,145300
2025-09-05,11.64,12.48,11.43,11.94,250567
2025-09-08,12.6,12.75,12.06,12.24,260233
2025-09-09,12.45,13.44,12.33,12.87,335267
2025-09-10,12.84,13.02,11.76,11.85,269967
2025-09-11,11.28,11.7,10.56,10.56,254233
2025-09-12,10.68,10.95,9.96,9.99,229833
2025-09-15,9.96,10.35,9.72,9.81,171100
2025-09-16,9.9,10.62,9.81,10.53,305133
2025-09-17,10.41,10.89,10.17,10.26,143567
2025-09-18,10.11,11.19,10.11,10.86,226900
2025-09-19,10.95,11.16,10.275,10.74,3267300
2025-09-22,10.44,10.92,10.35,10.47,125100
2025-09-23,10.5,11.58,10.35,10.83,256700
2025-09-24,10.65,11.64,10.56,11.37,334500
2025-09-25,11.4,11.4,10.56,10.62,205633
2025-09-26,10.62,11.01,9.75,9.9,200933
2025-09-29,11.28,13.47,11.22,13.35,875900
2025-09-30,13.14,13.41,11.28,11.49,1188467
2025-10-01,11.7,12.42,11.31,12.3,426000
2025-10-02,12.39,13.35,11.88,13.17,357833
2025-10-03,13.23,14.1,12.51,12.63,756600
2025-10-06,12.3,13.56,12.15,13.14,442467
2025-10-07,13.32,14.25,13.08,13.5,368000
2025-10-08,13.83,13.995,13.44,13.59,250900
2025-10-09,14.07,14.64,13.68,13.92,319467
2025-10-10,13.83,14.25,12.6,12.69,246433
2025-10-14,12.6,13.8,12.6,13.41,276133
2025-10-15,13.02,14.67,12.99,13.92,361300
2025-10-16,13.98,14.64,13.11,13.14,227233
2025-10-17,13.02,13.02,12.03,12.06,252667
2025-10-20,12.33,12.81,12.21,12.6,90433
2025-10-21,12.51,12.75,12,12,74000
2025-10-22,11.91,12.33,11.19,11.34,114133
2025-10-23,11.25,12.6,11.22,12.21,137200
2025-10-24,12.42,12.63,11.94,12.09,224633
2025-10-27,12.21,12.27,11.91,12.03,110833
2025-10-28,12,12,11.52,11.82,166767
2025-10-29,11.67,12.12,11.58,12,139700
2025-10-30,11.85,11.88,11.28,11.58,102833
2025-10-31,11.55,11.88,11.31,11.85,130367
2025-11-03,11.91,12.27,11.64,11.73,117833
2025-11-04,11.55,11.745,11.25,11.28,132000
2025-11-05,11.4,12.09,11.31,12.03,603200
2025-11-06,12.12,12.12,10.26,10.32,254000
2025-11-07,10.23,11.25,9.9,11.16,135600
2025-11-10,11.28,12.48,11.16,12.42,353367
2025-11-11,12.24,12.24,11.61,11.91,109700
2025-11-12,11.88,12.12,11.4,11.7,122700
2025-11-13,11.4,11.67,10.83,10.83,112167
2025-11-14,10.8,10.8,8.37,8.67,708967
2025-11-17,8.73,9.405,8.25,8.49,497133
2025-11-18,8.28,8.55,8.04,8.19,228667
2025-11-19,8.25,8.73,7.95,8.07,243667
2025-11-20,8.28,8.46,8.04,8.25,130700
2025-11-21,8.22,9.15,8.13,9.03,237033
2025-11-24,9.27,9.84,8.7,9.12,245133
2025-11-25,9.12,9.3,8.73,9.12,83067
2025-11-26,9.24,9.6,9.21,9.57,88067
2025-11-27,9.6,9.66,9.45,9.51,19333
2025-11-28,9.54,9.75,9.45,9.72,39033
2025-12-01,9.51,10.41,9.21,10.17,239733
2025-12-02,10.14,10.5,9.66,9.72,160833
2025-12-03,9.78,10.71,9.57,10.17,192167
2025-12-04,10.17,11.355,10.17,11.16,281200
2025-12-05,11.19,11.91,11.13,11.37,320900
2025-12-08,11.4,11.4,10.35,10.62,189300
2025-12-09,10.47,11.55,10.47,11.28,119700
2025-12-10,11.25,11.52,10.92,11.04,73733
2025-12-11,10.86,11.37,10.86,11.1,96900
2025-12-12,13.02,16.65,12.78,15.3,2410000
2025-12-15,15.69,16.32,14.43,15.15,928100
2025-12-16,15.42,19.2,15.27,18.69,1020300
2025-12-17,18.69,20.67,18.69,19.47,1085800
2025-12-18,20.25,20.925,12.78,13.23,2486200
2025-12-19,14.19,14.46,12.27,12.42,1084100
2025-12-22,13.14,13.14,11.43,11.49,502733
2025-12-23,11.4,11.88,10.71,11.55,624733
2025-12-24,11.49,11.7,11.04,11.28,150000
2025-12-29,11.22,11.46,10.53,10.56,233233
2025-12-30,10.56,10.92,10.38,10.47,513000
2025-12-31,10.56,10.89,10.2,10.23,389133
2026-01-02,10.2,11.01,10.2,10.74,345167
2026-01-05,10.95,10.95,10.08,10.26,381333
2026-01-06,10.26,10.38,10.05,10.11,133000
2026-01-07,10.26,10.35,10.02,10.29,111700
2026-01-08,10.26,10.71,10.17,10.65,218367
2026-01-09,10.8,10.95,10.26,10.5,200633
2026-01-12,10.56,11.64,10.26,11.34,392367
2026-01-13,11.28,11.55,10.89,10.98,150500
2026-01-14,10.92,11.52,10.89,11.49,150267
2026-01-15,11.52,11.76,11.31,11.37,117267
2026-01-16,11.52,11.52,10.92,11.07,205667
2026-01-19,10.83,10.95,10.77,10.83,28567
2026-01-20,10.8,10.83,10.26,10.35,172233
2026-01-21,10.38,10.56,10.02,10.08,173100
2026-01-22,10.32,10.89,10.17,10.8,154700
2026-01-23,10.92,11.25,10.53,11.1,129533
2026-01-26,11.07,11.16,10.47,10.53,121200
2026-01-27,10.53,10.59,10.02,10.02,150467
2026-01-28,10.2,10.2,9.24,9.42,409200
2026-01-29,9.36,9.375,8.73,9.03,338000
2026-01-30,8.85,9.3,8.76,9.03,196067
2026-02-02,9.33,9.33,8.64,8.91,232500
2026-02-03,8.91,9.54,8.76,9.48,217867
2026-02-04,9.57,9.63,8.88,9.48,246933
2026-02-05,9.33,9.39,8.64,8.94,219767
2026-02-06,9,9.9,8.94,9.81,234000
2026-02-09,9.63,10.2,9.6,10.05,146133
2026-02-10,10.02,10.38,9.63,9.72,104900
2026-02-11,9.75,9.96,9.57,9.9,171000
2026-02-12,9.93,10.14,9.6,9.72,172633
2026-02-13,9.72,10.08,9.72,9.93,118467
2026-02-17,9.93,9.96,9.57,9.72,105833
2026-02-18,9.75,10.2,9.75,9.87,137700
2026-02-19,9.75,11.01,9.6,10.74,319667
2026-02-20,10.74,10.74,9.6,9.69,293900
2026-02-23,9.57,9.63,9.06,9.15,237300
2026-02-24,9.09,10.26,8.94,10.14,296300
2026-02-25,10.17,10.5,9.84,10.26,130200
2026-02-26,10.38,10.38,9.87,9.99,172300
2026-02-27,9.78,9.96,9.3,9.57,188333
2026-03-02,9.3,9.45,9.03,9.09,223967
2026-03-03,9,9.36,8.91,9.33,169167
2026-03-04,9.39,9.66,9.375,9.63,132433
2026-03-05,9.48,9.84,8.97,9.12,109967
2026-03-06,8.94,9.99,8.94,9.66,314467
2026-03-09,9.36,9.39,9.09,9.18,129600
2026-03-10,9.36,9.42,9.09,9.24,200633
2026-03-11,9.15,9.48,9.09,9.42,171000
2026-03-12,9.3,9.48,9.18,9.45,106400
2026-03-13,9.45,9.84,9.45,9.69,96333
2026-03-16,9.69,9.72,9.33,9.45,56567
2026-03-17,9.45,9.69,9.36,9.48,115867
2026-03-18,9.45,9.57,9.3,9.48,108367
2026-03-19,9.36,9.72,9.03,9.48,150833
2026-03-20,9.45,9.6,8.67,9.03,332933
2026-03-23,8.79,9.72,8.76,9.51,173367
2026-03-24,9.36,9.51,9.18,9.48,71800
2026-03-25,9.57,9.84,9.42,9.51,133333
2026-03-26,9.48,9.51,8.88,8.94,217000
2026-03-27,8.97,9.06,8.13,8.31,396833
2026-03-30,8.46,8.58,7.77,7.92,243633
2026-03-31,7.98,9.09,7.98,9,204700
2026-04-01,9.09,9.36,8.73,9.33,185067
2026-04-02,9.03,10.17,9.03,10.08,342367
2026-04-06,9.87,10.23,9.72,10.17,228467
2026-04-07,10.2,10.2,9.3,9.39,186000
2026-04-08,9.84,10.14,9.69,10.02,137933
2026-04-09,9.99,10.26,9.78,10.11,143033
2026-04-10,10.2,10.26,9.54,9.66,97267
2026-04-13,9.48,10.05,9.45,9.96,100300
2026-04-14,10.05,10.2,9.84,9.96,104667
2026-04-15,10.14,10.8,9.87,10.8,179800
2026-04-16,10.95,10.98,10.59,10.77,163400
2026-04-17,10.95,11.31,10.8,11.22,320933
2026-04-20,10.98,12.57,10.98,12.48,476800
2026-04-21,12.48,12.81,12.15,12.51,434367
2026-04-22,12.45,16.56,12.45,15.72,1623533
2026-04-23,16.95,16.95,11.79,12,1553500
2026-04-24,12.3,13.71,12.18,13.56,511767
2026-04-27,13.83,14.1,13.05,14.07,291500
2026-04-28,14.07,14.13,13.425,13.59,345267
2026-04-29,13.14,13.86,13.08,13.44,451767
2026-04-30,13.35,14.4,13.35,14.31,276900
2026-05-01,14.37,14.37,13.65,13.77,284967
2026-05-04,13.92,14.04,13.29,13.35,208233
2026-05-05,13.38,14.25,13.38,14.19,226367
2026-05-06,14.25,15.63,14.13,15.54,502200
2026-05-07,15.36,16.29,15.36,16.08,244333
2026-05-08,15.66,16.38,15.63,15.96,356500
2026-05-11,15.75,16.5,15.39,16.38,291867
2026-05-12,16.11,16.29,15.75,15.9,216500
2026-05-13,15.78,16.98,15.72,16.17,504533
2026-05-14,16.05,16.53,15.75,16.2,163200
2026-05-15,15.9,16.17,13.83,14.07,388000
2026-05-19,13.95,14.52,13.11,13.32,251633
2026-05-20,13.44,13.77,13.05,13.68,161433
2026-05-21,13.53,14.4,13.35,14.07,105700
2026-05-22,14.13,14.22,13.47,13.86,139767
2026-05-25,13.77,14.55,13.77,14.1,34867
2026-05-26,14.34,14.46,12.78,13.65,369700
2026-05-27,13.35,13.65,12.54,13.17,241700
2026-05-28,12.93,14.82,12.75,14.67,403067
2026-05-29,14.67,15,14.25,14.55,248700
2026-06-01,14.37,15.36,14.31,15.15,195800
2026-06-02,15,15.15,14.76,14.91,106733
2026-06-03,14.76,15,13.89,14.19,216633
2026-06-04,14.1,15.48,14.1,15.21,257267
2026-06-05,15,16.92,14.73,16.21,395400
2026-06-08,16.2,16.5,14.95,15.6,311600
2026-06-09,15.04,16.18,14.62,15.06,307600
2026-06-10,14.65,15.36,14.35,14.5,159700
2026-06-11,14.37,15.2,14.09,14.56,196900
2026-06-12,14.62,15,13.71,13.84,157000
2026-06-15,13.94,14.34,13.49,13.67,150700
2026-06-16,13.71,13.95,12.99,13.54,96500
2026-06-17,13.5,14.04,13.21,13.43,120000
2026-06-18,13.58,14.39,13.24,14.22,181600
2026-06-19,14.01,14.27,13.965,14.06,168500
2026-06-22,13.91,14.23,13.55,13.74,159700
2026-06-23,13.35,13.61,13,13.19,145000
2026-06-24,13.08,13.61,12.92,13.24,94100
2026-06-25,13.05,13.7,12.96,13.63,121100
2026-06-26,13.55,14.3,13.51,14.16,224200
2026-06-29,14.16,14.5,13.65,14.46,200500
2026-06-30,14.55,15.35,14.26,15.31,307600
2026-07-02,15.18,15.19,14.15,14.55,178500
2026-07-03,14.38,14.7,14.38,14.65,33300
2026-07-06,14.58,14.58,13.16,13.32,224500
2026-07-07,13.32,13.62,13.16,13.41,109700
2026-07-08,13.26,13.87,13.12,13.73,100200
2026-07-09,13.7,13.98,13.02,13.17,134900
2026-07-10,13.13,13.65,12.97,13.5,119800
2026-07-13,13.48,14.3,13.35,14.15,228600
2026-07-14,14.13,14.15,13.66,13.87,89500
2026-07-15,13.99,14,13.56,13.69,101200
2026-07-16,13.56,13.6,13.04,13.12,110300
2026-07-17,12.93,13.17,12.75,13.14,80200
2026-07-20,13.1,13.17,12.85,13.05,45700
2026-07-21,13.13,13.56,13.11,13.52,133300
2026-07-22,13.35,13.55,13.1,13.23,66800
2026-07-23,13,13.25,12.8,12.92,130400
2026-07-24,12.86,13.13,12.67,12.96,111400
2026-07-27,12.95,13.27,12.55,12.63,156000
2026-07-28,12.61,12.61,12,12.12,156400
2026-07-29,12.02,12.09,11.54,11.76,210400
2026-07-30,11.88,12.47,11.76,12.28,117100
2026-07-31,12.24,12.755,12.195,12.41,138100
2026-08-04,12.1,12.78,11.95,12.64,150300
2026-08-05,12.82,12.82,11.57,11.71,304500
2026-08-06,12.18,13.01,11.77,12.93,397100
2026-08-07,13.11,13.37,12.9,12.95,137700
2026-08-10,12.89,13.38,12.79,13.08,114100
2026-08-11,13.14,14.05,12.94,13.8,325100
2026-08-12,13.91,13.95,13.51,13.8,181700
2026-08-13,13.54,14.05,13.25,13.5,323700
2026-08-14,13.36,13.43,12.71,13.14,204700
2026-08-17,13.17,13.43,12.92,12.99,155000
2026-08-18,12.94,13.03,12.58,12.8,119500
2026-08-19,12.83,13.73,12.74,13.58,173600
2026-08-20,13.53,13.53,12.95,13.22,203900
2026-08-21,13.3,13.77,13.25,13.73,288500
2026-08-24,13.69,13.8,13.37,13.45,164300
2026-08-25,13.44,13.7,13.29,13.57,183400
2026-08-26,13.41,13.85,13.06,13.16,220900
2026-08-27,13.13,13.22,12.78,12.99,120500
2026-08-28,12.97,13.65,12.8,13.45,109600
2026-08-31,13.52,13.75,13.17,13.4,114800
2026-09-01,13.23,13.84,13.23,13.66,230000
2026-09-02,13.68,14,13.63,13.84,261700
2026-09-03,13.85,13.85,12.99,13.18,390500
2026-09-04,13.18,13.72,13.15,13.72,139000
2026-09-08,13.65,14.02,13.37,13.74,252600
2026-09-09,13.78,14.33,13.65,14.1,274700
2026-09-10,13.96,14.215,13.51,13.62,230600
2026-09-11,13.7,13.78,13.13,13.29,184200
2026-09-14,13.01,14.12,12.91,14.05,211200
2026-09-15,13.98,14.1,13.7,14.06,145900
2026-09-16,14.08,14.2,13.84,14.01,207300
2026-09-17,14.19,14.5,14.15,14.37,306400
2026-09-18,14.25,14.75,13.92,14.66,6437200
2026-09-21,14.66,14.9,14.36,14.7,293200
2026-09-22,14.7,16.36,14.64,16.36,534000
2026-09-23,16.36,16.815,16.3,16.8,230300
2026-09-24,16.56,16.56,15.72,16.02,222300
2026-09-25,15.86,16.01,15.37,15.65,126900
2026-09-28,15.3,15.74,15,15.36,145200
2026-09-29,15.3,15.5,15.12,15.38,122200
2026-09-30,14.4,15.22,13.69,14.62,1269100
2026-10-01,14.59,14.85,14,14.66,199300
2026-10-02,14.8,14.8,13.9,14.21,433500
2026-10-05,14.3,14.32,13.76,13.94,544000
2026-10-06,13.94,14.51,13.79,14.22,332800
2026-10-07,14.09,14.26,13.94,14.06,257800
2026-10-08,13.9,14.17,13.345,13.5,448700
2026-10-09,13.51,13.86,13.06,13.31,196500
